{"cameraMode":{"drawMode":2,"name":"Shaded Wireframe","section":"Shading Mode"},"sceneLighting":true,"audioPlay":false,"sceneViewState":{"m_AlwaysRefresh":false,"showFog":true,"showSkybox":true,"showFlares":true,"showImageEffects":true,"showParticleSystems":true,"showVisualEffectGraphs":true,"m_FxEnabled":true},"in2DMode":false,"pivot":{"x":109.88603973388672,"y":10.021400451660157,"z":30.623340606689454},"rotation":{"x":-0.4581921398639679,"y":0.011142080649733544,"z":-0.005545133259147406,"w":-0.8891652226448059},"size":38.563140869140628,"orthographic":false}